TARGETID,K_R,K_R_ERR,Z
39627763920928978,,inf,2.3518197030590957
39627766252966447,,inf,2.5425170811432323
39627766257159022,,inf,2.4170926028937685
39627808531552804,,inf,2.3751949790742417
39627820619535089,,inf,2.7049822960778602
39627814579740530,,inf,2.630654692186875
39627766261358004,,inf,2.5034434830745496
39627772305348981,,inf,2.3247820814864073
39627752072021700,,inf,2.6018699150865174
39627721944338699,,inf,2.3040850528530457
39627842643822649,,inf,2.727273343646248
39627824557982924,,inf,2.7648856667609274
39627830593586056,,inf,2.7552968440011334
39627818509797762,,inf,2.6281677781473505
39627583502946487,,inf,2.407391481791733
39627589484019783,,inf,2.4685958015272726
39627818593681611,,inf,2.4788712294495516
39627891213861143,,inf,2.4912656690397093
39627879146849470,,inf,2.3940904292000202
39627873111248052,,inf,2.5449260186448703
39627873111245715,,inf,2.3771403439384526
39627806757359817,,inf,2.753810151581345
39627842979369724,,inf,2.5359709824819956
39627866920455444,,inf,2.3990180135588055
39627866924647934,,inf,2.3910172750060514
39627909077402129,,inf,2.724341787643335
39627993080924707,,inf,2.6950965040896553
39628010990604288,,inf,2.483712386871408
39628011032544504,,inf,2.517482178586859
39627981097800689,,inf,2.6678539604359424
39627999036836130,,inf,2.467356436330571
39627993055760646,,inf,2.4136936647581226
39627993059952620,,inf,2.4288751653245066
39627993064148080,,inf,2.589945878704294
39627993064150544,,inf,2.557167558317468
39627909035459663,,inf,2.3874821657928678
39627903008246265,,inf,2.6335996040932415
39627903008246771,,inf,2.410699900761579
39627896993614080,,inf,2.513317006168312
39627896993614047,,inf,2.484346646689434
39627909027071957,,inf,2.5241542682018103
39627896997809630,,inf,2.319867380728908
39627921085695446,,inf,2.645565787139799
39627896997811312,,inf,2.6067933129115683
39627915071063635,,inf,2.7640620657712063
39628017084929765,,inf,2.523404601404599
39628017089122015,,inf,2.5416520931271065
39628023045031513,,inf,2.3150572349726475
39628023045033497,,inf,2.509882287017496
39628034956854513,,inf,2.7167171238381465
39628023049228555,,inf,2.782020990200292
39628034948466093,,inf,2.6278555555835346
39628034948466799,,inf,2.472495160651754
39628170206380219,,inf,2.5830394877249536
39627640138634722,,inf,2.7770764701036983
39627616147213177,,inf,2.3861358309431058
39627628151315943,,inf,2.3925943427956384
39627616151411318,,inf,2.4355726768963444
39627682257834838,,inf,2.546871536375062
39627688293437891,,inf,2.579649098669063
39627622002462558,,inf,2.6999601644061832
39627621994073662,,inf,2.7141032760552566
39627621998265563,,inf,2.648264671275986
39627628008709796,,inf,2.7716741529821265
39627627996123761,,inf,2.6409563824481794
39627676113181386,,inf,2.311334231394144
39627621952134940,,inf,2.347109774128807
39627633956225848,,inf,2.7323086896020543
39627633947842643,,inf,2.6042466186319873
39627645972913277,,inf,2.3092124938793566
39627633985587692,,inf,2.482715052900636
39627676331280524,,inf,2.6714052326145796
39627610254215325,,inf,2.5312391279636803
39627568407643594,,inf,2.31616887335787
39627568403450270,,inf,2.633927700754066
39627580369798351,,inf,2.3977942501700897
39627580382383115,,inf,2.3735188071296314
39627586359267067,,inf,2.531791911679107
39627658388049972,,inf,2.4003402774514835
39627742769055120,,inf,2.373954548393308
39628164535681249,,inf,2.6910340782772044
39628164535684345,,inf,2.7714480770292433
39628170353182260,,inf,2.6347791511892282
39628158705603506,,inf,2.6976199917266257
39628152883906608,,inf,2.770554928397216
39628147045435324,,inf,2.5191728846094383
39628170348991474,,inf,2.7989965264110457
39628152879710714,,inf,2.6836020606136874
39628176258761842,,inf,2.467408032892297
39628141341184533,,inf,2.3700126675832847
39628141345374558,,inf,2.4506527797262976
39628141336990201,,inf,2.607678839861009
39628141341184841,,inf,2.4458105058177364
39628141332794264,,inf,2.5621255171712973
39628147162877630,,inf,2.4605415707693177
39636937417427506,,inf,2.348913765295442
39628141328600247,,inf,2.375237025243398
39636937417429678,,inf,2.6909366158953105
39628141328599328,,inf,2.576879638367024
39628141336988642,,inf,2.331030472285689
39636937417429369,,inf,2.365357882602773
39628170508373328,,inf,2.7287633082044533
39628112052355877,,inf,2.447488470330338
39628070713296221,,inf,2.5088231046476053
39627957492253995,,inf,2.3747645858507416
39628029080636839,,inf,2.3096234519261376
39627975410321283,,inf,2.487622054513943
39628123905459816,,inf,2.4620865695098995
39628118037629210,,inf,2.5976681638698187
39628123913850546,,inf,2.4428876491979574
39628129781681919,,inf,2.4015812723360916
39628135645319850,,inf,2.36660338351016
39628088618783706,,inf,2.3509905343569586
39627576871749647,,inf,2.3082457755914247
39627582848632590,,inf,2.6139450191426614
39627576867553656,,inf,2.3927574716111577
39627606802305341,,inf,2.4673946066545125
39627606806496159,,inf,2.444171069073534
39627594810787384,,inf,2.5172989782874695
39627588825516667,,inf,2.5805034217608176
39627588829709126,,inf,2.3750388362977017
39627582848631801,,inf,2.306048741122869
39627582844437407,,inf,2.476312715254411
39627594814980296,,inf,2.611424012866046
39627654889997072,,inf,2.793176377253463
39627678956913569,,inf,2.5072482838937384
39627715132784762,,inf,2.4048030591630454
39627715254425143,,inf,2.6003473105419377
39627697168584919,,inf,2.4416951046975397
39628188170589031,,inf,2.604152983281861
39628176602694483,,inf,2.527728582255054
39628170856501346,,inf,2.612297906807233
39628182344700827,,inf,2.39151677149295
39628106490711956,,inf,2.614372750154712
39628053239825160,,inf,2.6205737684067736
39628053210467516,,inf,2.775979808848003
39627897471763557,,inf,2.5788106754087847
39627867331495372,,inf,2.4561071231136213
39627837178643651,,inf,2.508961357200845
39627837182837633,,inf,2.530513158807092
39627939758741982,,inf,2.6176769561482214
39627951762834486,,inf,2.5825357251197825
39627951758640864,,inf,2.3699423805541477
39627951758644335,,inf,2.591576868031259
39627957773272082,,inf,2.3961796554904784
39627957773276772,,inf,2.698779761882394
39627963775324666,,inf,2.611421631665767
39627975750064291,,inf,2.5743368464646457
39627963754352988,,inf,2.3016047740101384
39627969752205088,,inf,2.3658018878170397
39627969752207656,,inf,2.4119625183689792
39627969752205054,,inf,2.398869260297292
39627969752207505,,inf,2.4930745102998126
39627975750060911,,inf,2.6194882400342765
39627969756402272,,inf,2.5353589574421522
39627975750061123,,inf,2.3323554766969954
39627975750060601,,inf,2.34157513385659
39627975758447021,,inf,2.407384770884457
39627963771127227,,inf,2.6622242167943106
39627963758546032,,inf,2.4015237490516
39627969764790759,,inf,2.3907163856460336
39627969756402124,,inf,2.3218278237237073
39627981735333515,,inf,2.4735672024694857
39627969760593786,,inf,2.740961621785701
39627975754253605,,inf,2.3527102646169435
39627975754255300,,inf,2.5381254875956607
39627975750065864,,inf,2.4444568947794307
39627975745868200,,inf,2.4685597097204415
39627969756400063,,inf,2.379129942555375
39627903679337543,,inf,2.479607387788723
39627999728900723,,inf,2.553847373378444
39627981785670471,,inf,2.3594592257318325
39627999733091315,,inf,2.5396245661600236
39628164921562840,,inf,2.730371213387062
39628124022899118,,inf,2.5247996843731775
39628051889259327,,inf,2.371285298440535
39628134479302727,,inf,2.689045378107381
39628134479303349,,inf,2.4806046275683915
39628146185602830,,inf,2.3387114756601703
39628134487691606,,inf,2.693971121691539
39628134483495009,,inf,2.708790973188183
39628146181412480,,inf,2.5166690192298686
39628146177216512,,inf,2.366271192217464
39628140338745512,,inf,2.46386600818999
39628140338744395,,inf,2.6596728084318872
39628134483495582,,inf,2.7736527863546647
39628146181409839,,inf,2.5862124700845053
39628152028267418,,inf,2.468403128807699
39628152028269090,,inf,2.3568361342363806
39628181098993354,,inf,2.449649100897148
39628116812891024,,inf,2.482989020679637
39628116791919066,,inf,2.4179316710512744
39628134391220701,,inf,2.4515914086571278
39628022071953259,,inf,2.7573574361437356
39628028019474908,,inf,2.626061153161829
39628033979581907,,inf,2.5356141153040808
39628039931299676,,inf,2.3889366505836858
39628033983775335,,inf,2.654533097447029
39628022071953395,,inf,2.7118969748213546
39628039927104301,,inf,2.547960577066722
39628045874629066,,inf,2.360715597016492
39628033971194934,,inf,2.4267537573058893
39628022067758669,,inf,2.483138919205151
39628033971195446,,inf,2.327277849697276
39628033971193642,,inf,2.4238805796515144
39627854014578792,,inf,2.3894099081697893
39627829901527974,,inf,2.5018524756882647
39627829893140150,,inf,2.3470515453397796
39627823853340626,,inf,2.594429795881442
39627823844954669,,inf,2.448890259570722
39627817809347585,,inf,2.4614914677189037
39627829960247700,,inf,2.4899871659714847
39627860163429890,,inf,2.4176052859158954
39627872243025233,,inf,2.5229721032301784
39628157904487130,,inf,2.699998989406381
39628152078601848,,inf,2.4148500932045227
39627908230152845,,inf,2.3982074998198666
39628010122379566,,inf,2.495578511936471
39628093106689058,,inf,2.42834224759808
39627896075063890,,inf,2.3753243190262627
39628128372393196,,inf,2.56455684246687
39628122500370084,,inf,2.6188864881775085
39628128368201003,,inf,2.3918268633414552
39628122508755323,,inf,2.5689940462197134
39628140078698874,,inf,2.69029158405456
39628145929749419,,inf,2.509583952552439
39628134227644578,,inf,2.466569129832475
39628128364005288,,inf,2.3079184181043706
39628145929750996,,inf,2.7566300305572597
39628140082892838,,inf,2.6059132369122913
39628134231835485,,inf,2.516012247132695
39628157589914257,,inf,2.5372072658946667
39628163415805000,,inf,2.361125787331652
39628163411609340,,inf,2.474503475555677
39628134168920525,,inf,2.342461546050066
39628145866836008,,inf,2.6460793370325604
39628145866837905,,inf,2.3504889128003787
39628140019975215,,inf,2.5375491040674856
39628157547973147,,inf,2.441657746188088
39628151713694876,,inf,2.4332467888200084
39628151705308958,,inf,2.5897189704015413
39628145862641792,,inf,2.440371246681053
39627799811588319,,inf,2.6191503730456764
39627805855580656,,inf,2.4625399698134314
39627687920145571,,inf,2.396203761189192
39627669838496563,,inf,2.6856282590113527
39627760347386627,,inf,2.4726159585551013
39627754311783029,,inf,2.509764999607762
39627766387187077,,inf,2.3280812833501754
39627766382987773,,inf,2.5013801361635553
39627688113084897,,inf,2.539747734287912
39627712221940159,,inf,2.396040897257717
39627742420929171,,inf,2.6979008284218193
39627724309925492,,inf,2.7281163317810515
39627736381133532,,inf,2.4038801225026587
39627730337141056,,inf,2.579009383326419
39627754479552187,,inf,2.7271777431477906
39627772326318202,,inf,2.652401235403605
39627802546281223,,inf,2.3196961952706148
39627790470875071,,inf,2.5117854634910426
39627808586073854,,inf,2.30636128914879
39627814630070461,,inf,2.4242574389774707
39627802550473141,,inf,2.4190162040230723
39627808594461205,,inf,2.304804235321917
39627814625878110,,inf,2.6366398654019996
39627808594465197,,inf,2.6098717492433963
39627808594468044,,inf,2.6009930641740486
39627802550468977,,inf,2.652702574738407
39627796514870771,,inf,2.5505802956622645
39627760284473023,,inf,2.3476604118176696
39627559360530049,,inf,2.782872249689767
39627595075031323,,inf,2.7707384369905936
39627595087610135,,inf,2.773693350711536
39627589093950830,,inf,2.441865627038579
39627601072882676,,inf,2.352620825217679
39627601068693830,,inf,2.3251781787898333
39627607070741627,,inf,2.354910618253129
39627703254518008,,inf,2.3537447701670686
39627685151901248,,inf,2.3484905969017045
39627691187507415,,inf,2.3190391414333016
39627589303670013,,inf,2.665845700745926
39627817972928034,,inf,2.5394498661207794
39627634606349284,,inf,2.6924508179103053
39627634526651529,,inf,2.77078627109323
39627712817536604,,inf,2.7321529474438226
39627773232291204,,inf,2.3864165798916575
39627586673836302,,inf,2.410867895422538
39627580675987791,,inf,2.6818025613355894
39627718911852719,,inf,2.3046487281818853
39627580571124821,,inf,2.7740525833905756
39627586493483771,,inf,2.728912364858539
39627815603145201,,inf,2.6582890034762596
39627785408355613,,inf,2.310838887509726
39627791548813595,,inf,2.6439336070607937
39627538829415837,,inf,2.4675624031848393
39627538829410420,,inf,2.4424880378610268
39627544797911436,,inf,2.4981226394443743
39627942170463934,,inf,2.5220123837798214
39627930162168128,,inf,2.6874447684365403
39627646656582611,,inf,2.734487436897607
39627646660773669,,inf,2.3935019376791966
39627646652389477,,inf,2.7100709718789777
39627646660776856,,inf,2.4477174629116587
39627652675408342,,inf,2.677849154157059
39627658681651346,,inf,2.741743429694332
39627652667016497,,inf,2.4154874870040963
39627527047615875,,inf,2.3264881563056963
39627533011916228,,inf,2.4692677281150295
39627923971375224,,inf,2.412141219180259
39627917952552901,,inf,2.7159268515772497
39627966069608397,,inf,2.334469881004876
39627966073800887,,inf,2.537523211510449
39627978061123063,,inf,2.3420301022252485
39627972075848003,,inf,2.5440799907338683
39627966065411719,,inf,2.366853533777218
39627966061218999,,inf,2.38197189292044
39627839514870592,,inf,2.407354900882286
39627839510682478,,inf,2.301537906325094
39627779087538252,,inf,2.413980427811024
39627845701471303,,inf,2.6039546843305064
39627765992923872,,inf,2.4440386637168348
39627765976142656,,inf,2.4610050996782387
39627772020139440,,inf,2.699457897396964
39627765976138566,,inf,2.354445192131797
39627935023370862,,inf,2.6862450324371085
39627796137383890,,inf,2.776351839006335
39627880598080135,,inf,2.564702063328007
39627898688111033,,inf,2.3930860194399677
39627820128800971,,inf,2.545998949286691
39627802013605274,,inf,2.643813246456052
39627802013602888,,inf,2.4634191152529628
39627832212592597,,inf,2.438524733091712
39627814097389476,,inf,2.4836588602667957
39627820137191540,,inf,2.770599582749653
39627820132999115,,inf,2.4834525350692807
39627820137187979,,inf,2.3182760967795284
39627735613573343,,inf,2.5020728475459113
39627747688978273,,inf,2.5084076194197777
39627741653372895,,inf,2.5485909954684653
39627735756178807,,inf,2.4121680466961966
39627856711519301,,inf,2.4179359823138618
39627856707326710,,inf,2.5515456535611785
39627862755509230,,inf,2.607574985412762
39627874818329357,,inf,2.396170339703642
39627874818329226,,inf,2.4154747780275048
39627874818327437,,inf,2.3998397615514535
39627856703131940,,inf,2.585115113694193
39627856711518408,,inf,2.322354010420195
39627910964843550,,inf,2.323671115632468
39627910981619370,,inf,2.590507508827515
39627868799501837,,inf,2.6088853997439148
39627874830912220,,inf,2.422633098440324
39627862780675460,,inf,2.3303287023063675
39627862776482371,,inf,2.339487654798477
39627862776481298,,inf,2.350128378636143
39627868807892358,,inf,2.539654406074705
39627868803695809,,inf,2.4968959199923515
39627766194242961,,inf,2.734877143711027
39627705636881108,,inf,2.7754425773297493
39627723747891813,,inf,2.4621256223203116
39628049360097145,,inf,2.3862113228937667
39628061246754472,,inf,2.6793605293593377
39628067265578969,,inf,2.4218380996941664
39628067265580126,,inf,2.3389116204210723
39628061326445793,,inf,2.327942724592495
39628067248804489,,inf,2.5468328147055606
39628073171159305,,inf,2.303390778134724
39628067261383585,,inf,2.425920663592182
39628061339027590,,inf,2.3694353455361936
39628073175352735,,inf,2.5557337741098496
39628067252998032,,inf,2.705663579943886
39628061330639832,,inf,2.6767260270178297
39628061334831414,,inf,2.540813751243233
39628067252994722,,inf,2.7342410083147004
39628055471194813,,inf,2.4034665421771004
39628049536255165,,inf,2.330442226292781
39628055471196814,,inf,2.3228190472469037
39628061397745809,,inf,2.454045888631936
39628055454418873,,inf,2.5756123542121943
39628067303330193,,inf,2.791076780826888
39628055462809574,,inf,2.5317590876972376
39628049523676379,,inf,2.3627805025095525
39628055462810813,,inf,2.4021978720216866
39628067307520077,,inf,2.778093430758406
39628055458614993,,inf,2.476382730633
39628061393552001,,inf,2.4076873825990015
39628055462805850,,inf,2.7476856928521967
39628061385165968,,inf,2.5160489352996036
39628055454418968,,inf,2.6931417757301563
39628043605509786,,inf,2.4325915645281313
39628007765181874,,inf,2.5589674747003985
39627887577405826,,inf,2.4785079443447815
39627881550193065,,inf,2.692941053225997
39627887581599043,,inf,2.5411894175216476
39627881541799059,,inf,2.31821301750166
39627887573206037,,inf,2.793730134580227
39627881541801579,,inf,2.6904965461426453
39627887560628135,,inf,2.7953514531336787
39627887569014807,,inf,2.342895197850612
39627893600420670,,inf,2.4784239811330293
39627893600420802,,inf,2.485466399879278
39627893600425345,,inf,2.4039994217878613
39627887577406135,,inf,2.3739655329771594
39627881533412729,,inf,2.3466200814005704
39627887573208493,,inf,2.419840729145717
39627887564822236,,inf,2.3103058879989344
39627887564822535,,inf,2.4660044181724254
39627875539752421,,inf,2.63459472391651
39627875543942171,,inf,2.683052303211571
39627965700508721,,inf,2.717058199317083
39627965708896277,,inf,2.377967678106247
39627983685683746,,inf,2.5325252528343736
39627977692022329,,inf,2.423832757058973
39627965704702476,,inf,2.3843454574681564
39627971710943582,,inf,2.554760045941581
39627971706751917,,inf,2.614331635145872
39627977696219404,,inf,2.699693001831294
39627893558478259,,inf,2.4416665166174596
39627899568919865,,inf,2.6336891147877792
39627899568916371,,inf,2.367695553792331
39627899577303135,,inf,2.4055515205642615
39627893541705500,,inf,2.7182002984525586
39627905591940804,,inf,2.3764248443531275
39627905591939513,,inf,2.37373644365278
39627899568917892,,inf,2.488846847734841
39627899568919813,,inf,2.6299785663912094
39627899564720976,,inf,2.300327638535393
39627911619154106,,inf,2.669138861406544
39627899581499124,,inf,2.4757382321094927
39627917646366763,,inf,2.5397913633277183
39627905600328203,,inf,2.363155402583124
39627905600327819,,inf,2.3068983064495874
39627965759228371,,inf,2.340710741676432
39627965767616983,,inf,2.311808459334423
39627959765570063,,inf,2.4016346687722074
39627965767617266,,inf,2.4730898931915646
39628037385356733,,inf,2.314232028330485
39628031442027797,,inf,2.3206346048287467
39628031421059665,,inf,2.4293260624214628
39628031425250327,,inf,2.4097796388710666
39628037376968063,,inf,2.5434845482954325
39628031429444484,,inf,2.607960426689591
39628043328686152,,inf,2.6179385861080666
39628031425252019,,inf,2.5778574838152117
39628031425250924,,inf,2.737451012065531
39628031433639698,,inf,2.6066976141136053
39628031433641099,,inf,2.3469804754295738
39628031429443686,,inf,2.659128734276322
39628043324495563,,inf,2.578024827891379
39628037372774008,,inf,2.344950751996134
39628049301377737,,inf,2.4611068749594947
39627815003358194,,inf,2.67945304381161
39627803146066326,,inf,2.4764967444262465
39628187314947031,,inf,2.6948851555223596
39628164124642274,,inf,2.5271751074445055
39628140787531837,,inf,2.36351532481737
39628140787535402,,inf,2.3618916037946347
39628146634391903,,inf,2.332885743612442
39628140787533681,,inf,2.388956196181747
39628146626007020,,inf,2.685644204937205
39628140787535499,,inf,2.6644972617705043
39628093740027816,,inf,2.6885123272075755
39628093731639619,,inf,2.408077329627284
39628093740025099,,inf,2.365822064631486
39628093735829644,,inf,2.4550093901834282
39628087838638844,,inf,2.4760689706319603
39628105517632574,,inf,2.6430050803394
39628099628828467,,inf,2.331282967688989
39628093744219052,,inf,2.3367423151403868
39628099628829523,,inf,2.4692097601259047
39628099628828434,,inf,2.7921006589795643
39628093807135079,,inf,2.3660249455934412
39628028506015701,,inf,2.6912062541817763
39628117395901228,,inf,2.4750520042322703
39628111523877820,,inf,2.5009424928603674
39628076128144936,,inf,2.732594458269717
39628129160923348,,inf,2.445083138633194
39628129160923073,,inf,2.405801503524616
39628140867226183,,inf,2.7240672180859966
39628135016171319,,inf,2.4452073039033606
39628140867225383,,inf,2.7338056196768026
39628129169312131,,inf,2.6922054292477857
39628140871421132,,inf,2.7679980372586277
39628129165121797,,inf,2.437186050123861
39628129152537558,,inf,2.3827465303157744
39628129152537846,,inf,2.3785968072852546
39628135020370714,,inf,2.4816431505493584
39628129156729441,,inf,2.6731339066832787
39628140871418888,,inf,2.3288899921857116
39628140871418253,,inf,2.7242011784230904
39628135020367621,,inf,2.6667377430120434
39628135020367985,,inf,2.475705393771581
39628140867228679,,inf,2.7316942286608406
39628135011977144,,inf,2.5491210794241517
39628135011980730,,inf,2.693736595750364
39628070268702401,,inf,2.4815207912142707
39628046243729861,,inf,2.6084836886483047
39628040308789880,,inf,2.339096540122866
39628040308786447,,inf,2.428890217289554
39628046239534444,,inf,2.643817043497242
39628058109414512,,inf,2.6617913145811305
39628058109413736,,inf,2.6605368068833393
39628052178666167,,inf,2.462805618616821
39628046243727781,,inf,2.3665492727146615
39628058105219634,,inf,2.360131617244265
39628046235339688,,inf,2.419737482653392
39628058113608294,,inf,2.308360327720873
39628052208030645,,inf,2.794214128600106
39627938865348834,,inf,2.414135760600128
39627950882034604,,inf,2.7139123368650075
39627775895669632,,inf,2.3591908831110207
39627794019256599,,inf,2.3365291530941326
39627800059056316,,inf,2.376343291919297
39627800063246637,,inf,2.6700233001255436
39627926873836080,,inf,2.388212236041792
39627932871693744,,inf,2.3721237610847563
39627932884272954,,inf,2.475711199818751
39627938890516782,,inf,2.772781842046681
39627926869642484,,inf,2.327343118837994
39627932871690996,,inf,2.532096083025163
39627926865447505,,inf,2.3631614046360165
39627908829938565,,inf,2.523486050280833
39627914848769239,,inf,2.3436873620604475
39627920871784782,,inf,2.444764982981728
39627902811114060,,inf,2.3739663340354107
39627908829937875,,inf,2.6169057540394545
39627896783897971,,inf,2.4637204961544077
39627908834132306,,inf,2.7383737225684803
39627896792286133,,inf,2.6010031106832585
39627896792288375,,inf,2.398801066529625
39627920867593017,,inf,2.4271900165242806
39627908829939698,,inf,2.3272702828716123
39627926626372869,,inf,2.434277739036695
39628063977245793,,inf,2.5817362399650277
39628063977247317,,inf,2.5612729690219496
39628052111558763,,inf,2.662434277589902
39628063977243894,,inf,2.497511149154674
39628058054888750,,inf,2.501987112009919
39628063973049100,,inf,2.766020377351564
39628052115754442,,inf,2.753980837183325
39628052115751864,,inf,2.3470322324016633
39628052115752182,,inf,2.4798374521972875
39628052115753321,,inf,2.595816488456154
39628063981438248,,inf,2.3174834639119193
39628063973050317,,inf,2.671390921543918
39628022415886317,,inf,2.7821044726126734
39627902496539511,,inf,2.4781075053597297
39627869181183861,,inf,2.326097502245392
39627875212594131,,inf,2.7240528232499046
39627869185378664,,inf,2.4561298894174013
39627875208400751,,inf,2.3503561287964247
39627851011460846,,inf,2.415015231802426
39627857055451695,,inf,2.571479801961853
39627814797844959,,inf,2.742540950476154
39627899367589708,,inf,2.537305319898061
39627881285944993,,inf,2.504625283429939
39627875250343909,,inf,2.3631718079012742
39627875250342498,,inf,2.778187576637204
39627832854316092,,inf,2.666050064128297
39627923161878960,,inf,2.463367898794001
39627923161878481,,inf,2.7198578300522085
39627923161874547,,inf,2.369381658304159
39627953201482974,,inf,2.562249332157193
39627923178651696,,inf,2.4462300807650026
39627929193285940,,inf,2.5850585677113433
39627917176607736,,inf,2.55230151219293
39627844862607582,,inf,2.4992565011383476
39627856925429148,,inf,2.406600762816801
39627850889824613,,inf,2.7606658889631563
39627856929623023,,inf,2.3402900988782394
39627844850027541,,inf,2.4500047623155026
39627856921235217,,inf,2.5460235267110574
39627844845832478,,inf,2.306332531850623
39627856925430249,,inf,2.6609433339438984
39627850885632702,,inf,2.4489983194361304
39627850885631687,,inf,2.455346642027989
39627856921232827,,inf,2.3052251822339094
39627850881438000,,inf,2.394189397196154
39627844875196038,,inf,2.354467337163229
39627790756092260,,inf,2.6784633505675584
39627784720488789,,inf,2.4844678002745786
39627868895971272,,inf,2.5389473727011995
39627886977618492,,inf,2.454264400862471
39628074949545215,,inf,2.4855502443340503
39628063096438944,,inf,2.528486990858656
39627913645000165,,inf,2.7030314912789644
39628127806161989,,inf,2.618373552556447
39628127806167015,,inf,2.4937869717668093
39628127797778888,,inf,2.6494365341646575
39628127801970350,,inf,2.5601169187371022
39628133665609446,,inf,2.725867333740734
39628121942529014,,inf,2.508354713132436
39628127793583287,,inf,2.442542027971406
39628180566315145,,inf,2.413631465654288
39628186371228535,,inf,2.4740176800154194
39628186371231130,,inf,2.454073669621733
39628192155177029,,inf,2.333627905276432
39628174769784855,,inf,2.73318246121132
39628180570509587,,inf,2.747387764411333
39628169019393666,,inf,2.5644890377894356
39628169019395150,,inf,2.580033521093655
39628174828506674,,inf,2.589632874206274
39628174828506236,,inf,2.5766865189810595
39628174828506216,,inf,2.5868382663381126
39628180629230639,,inf,2.4107815389369884
39628180629229883,,inf,2.67442019126844
39628186421561742,,inf,2.4075227625887523
39628180620840164,,inf,2.4994819913379835
39628021556053202,,inf,2.5067542661243816
39628021551862101,,inf,2.5533499538622237
39628015600143874,,inf,2.3967552437032813
39628169078115371,,inf,2.329452453239339
39628174887224302,,inf,2.4235827684478806
39628186488668579,,inf,2.5583526740490856
39628174883031814,,inf,2.461234142730237
39628169069726452,,inf,2.317461762516819
39628169069725295,,inf,2.315320624169989
39628163256419703,,inf,2.4784009792965
39628180692144633,,inf,2.330402774126754
39628180687946698,,inf,2.5744066252795013
39628174878835324,,inf,2.4188385264019243
39628145573235529,,inf,2.537445801945382
39627527282498146,,inf,2.7643850374782666
39627610824641195,,inf,2.3560093466686394
39627610824639831,,inf,2.7139666001543237
39627604826784396,,inf,2.576552829434154
39627550963538034,,inf,2.4376043777256737
39627580810202440,,inf,2.44625023517918
39627592776550708,,inf,2.4443271091464087
39627580818588106,,inf,2.335494202389326
39627569271670907,,inf,2.4264981767221987
39627563307371539,,inf,2.421011832623945
39627599172862494,,inf,2.3757832901354727
39627575223389446,,inf,2.60737402376499
39627575227586197,,inf,2.304114903387676
39627587181351467,,inf,2.740436979760059
39627575219193553,,inf,2.6711659831854657
39627665199596291,,inf,2.3502754502410115
39627653195501197,,inf,2.4080969974652158
39627557141745746,,inf,2.5325439385034145
39627557133353524,,inf,2.3436352069673605
39627557133353750,,inf,2.315896974260708
39627743528224047,,inf,2.3001896892097373
39627743528224772,,inf,2.6782047099711104
39627749572218473,,inf,2.49579800670333
39627755612018224,,inf,2.4004109192219083
39627743532418695,,inf,2.7531326444839186
39627749568025649,,inf,2.3464237899396014
39627755607821515,,inf,2.7308621829690454
39627755616208069,,inf,2.3747049843051173
39627755612014513,,inf,2.413969942175042
39627829414988798,,inf,2.353769220967145
39627769017009050,,inf,2.4844835063458492
39627775048421034,,inf,2.718100373790207
39627775052614688,,inf,2.621685820047321
39627775052613166,,inf,2.5134003710162727
39627781079829863,,inf,2.3641694467970917
39627769004429300,,inf,2.3298874672662166
39627781079827778,,inf,2.6395837080289626
39627769012815487,,inf,2.7262497059651483
39627775048420659,,inf,2.3588828015775065
39627769012816224,,inf,2.638269239110552
39627775031645514,,inf,2.3638454233822017
39627775031644692,,inf,2.429443260617002
39627775035835123,,inf,2.4072008771662943
39627769008621505,,inf,2.4680169069920495
39627781084023335,,inf,2.7281168312181165
39627781084021307,,inf,2.4583900219670127
39627967973821941,,inf,2.6244990017003484
39627974005230289,,inf,2.3369288708304685
39627950038978159,,inf,2.636503562012026
39627962034687958,,inf,2.707317907255382
39627962026298903,,inf,2.7503010907328314
39627962026295818,,inf,2.3977057801310075
39627968032538686,,inf,2.595197132832008
39627974026200245,,inf,2.3479700813375652
39627962043074913,,inf,2.3815917337856516
39627968024153441,,inf,2.349474853666157
39627962030489726,,inf,2.564839771068996
39627962038881975,,inf,2.6973159851915476
39627974022008665,,inf,2.497613662721991
39627962034684636,,inf,2.328043458806407
39627974022007562,,inf,2.500581986804928
39627774876451129,,inf,2.3752437822948367
39628075293478598,,inf,2.494765098402216
39627708585476434,,inf,2.3770741122544625
39627720648295936,,inf,2.6502124577902912
39627708572895565,,inf,2.5802546259133385
39627708585477672,,inf,2.526298492013352
39627708581283545,,inf,2.4559821940163373
39627708577091416,,inf,2.5407883132286893
39627708577090441,,inf,2.301530011239853
39627714612692397,,inf,2.452507075115005
39627714604305665,,inf,2.532207697540661
39627714604305821,,inf,2.574032838326604
39627618340831291,,inf,2.37361137000054
39628051415304736,,inf,2.562278334146387
39627793377528048,,inf,2.537607348817741
39627769209948318,,inf,2.6707387530494398
39628186530613592,,inf,2.5343343418996405
39628186530614788,,inf,2.341600113574143
39628180729891892,,inf,2.6839617115173535
39628180738282422,,inf,2.4707429547624624
39628192306170647,,inf,2.58218645899908
39628186526420922,,inf,2.5278895483850596
39628192314558426,,inf,2.3886298663485417
39628192310362163,,inf,2.4967328192273093
39627733101184808,,inf,2.335652116477765
39627739140984775,,inf,2.6423031760546762
39627637630437044,,inf,2.457081457419298
39627649592595605,,inf,2.3423247992385465
39627643582155087,,inf,2.701317983555283
39627649596786063,,inf,2.4673760275013397
39627637580108147,,inf,2.4772671066164755
39627637567521491,,inf,2.34752802310941
39627643577958489,,inf,2.5063084189716363
39627637575914149,,inf,2.6750508492816705
39627655607227362,,inf,2.3619061177229916
39627649596790380,,inf,2.3923411154870604
39627649592593924,,inf,2.4982269213486643
39627649592592361,,inf,2.4681912964221278
39627794371582159,,inf,2.3286961013687844
39627788335972868,,inf,2.517216114713981
39627800402987759,,inf,2.7538793090769667
39627721877226648,,inf,2.6427115373438435
39627728101578659,,inf,2.3323191375076386
39627921261858993,,inf,2.396617297963552
39627909127738701,,inf,2.385250643743947
39627915150755101,,inf,2.7883264533645136
39627909144514802,,inf,2.514940751131966
39627909144516372,,inf,2.340394587937925
39627637697547336,,inf,2.539470146266857
39627812423865332,,inf,2.667274849304403
39627770094944459,,inf,2.6931226871806992
39628010990601053,,inf,2.7406405493117334
39628005026300701,,inf,2.3922217084954895
39628005026302869,,inf,2.5592345524231415
39628016942322230,,inf,2.610954890305559
39628005022108669,,inf,2.587887904175788
39628005009526996,,inf,2.6477043125986484
39628005009526050,,inf,2.7096659918536083
39628010978020840,,inf,2.77066969738213
39628005009527731,,inf,2.6596964646695125
39628005013720115,,inf,2.6838781099540987
39628005013720031,,inf,2.7919843250309477
39628016950707265,,inf,2.6878759401137655
39628076409164302,,inf,2.532097523590555
39627915297555177,,inf,2.616068584784323
39628046692517339,,inf,2.650304875941941
39628064493144139,,inf,2.5060285821518042
39628082243438185,,inf,2.376088101604759
39628082230858764,,inf,2.741924914308888
39628088132244814,,inf,2.497115215821601
39628082235050442,,inf,2.715173596242775
39628082235052270,,inf,2.381578166944308
39628088132240421,,inf,2.5336232857801173
39628088132240289,,inf,2.5517357392727806
39627782128403870,,inf,2.3704762703469395
39636442367922594,,inf,2.3467284700388484
39627640264461093,,inf,2.5180671168407263
39627700331086349,,inf,2.417989790810205
39627736553103457,,inf,2.301597604447877
39627736536323872,,inf,2.437583079130022
39627742592896616,,inf,2.3867768049335556
39627742588699352,,inf,2.4751775740520348
39627760712291169,,inf,2.486892938886549
39627688167611950,,inf,2.6886971825251
39627688159220942,,inf,2.5382010079447404
39627688159220763,,inf,2.354682635423358
39627694203209826,,inf,2.3792377493073653
39627694190632354,,inf,2.336935183697706
39627724670637151,,inf,2.3361657656124444
39627706547044647,,inf,2.4795287120161893
39627688477989086,,inf,2.5951081093758512
39627694513589232,,inf,2.7671883954216336
39627700612109341,,inf,2.6213976604888654
39628176221014017,,inf,2.777430963985096
39628164598598800,,inf,2.3552017525771274
39628164598600380,,inf,2.42443950675258
39628164590209721,,inf,2.7006205639379437
39628164590207391,,inf,2.558411512776011
39628164598596336,,inf,2.563912380458627
39628170411904985,,inf,2.77511123644653
39628170411905695,,inf,2.4306060931018956
39628164606984893,,inf,2.3545486111138154
39628170416100392,,inf,2.7437452845474755
39628164602793236,,inf,2.396116611061459
39628164598598055,,inf,2.4066808909989907
39628170411902654,,inf,2.764187444020715
39628106029335172,,inf,2.4165193978498345
39628106058697631,,inf,2.6856728551521925
39628070725881139,,inf,2.627544181924478
39628064803526377,,inf,2.4634154015938607
39628070717493556,,inf,2.557177066841273
39628070713300183,,inf,2.7930090964669025
39628029231631222,,inf,2.655535585943822
39628094453058699,,inf,2.784663953775987
39628094453056906,,inf,2.7428344625819667
39628100341859304,,inf,2.601839164560833
39628094448861641,,inf,2.5836145715533965
39628088539087776,,inf,2.553585828354247
39628094444667049,,inf,2.544715725893939
39628106222272859,,inf,2.3807131006992264
39628088543281634,,inf,2.663436579101402
39628094444668228,,inf,2.3594640217675384
39627951515373243,,inf,2.5600391858490257
39627921521902875,,inf,2.717777521727397
39628176183265634,,inf,2.636545693329116
39628176170683227,,inf,2.3989571551058035
39628164539877085,,inf,2.3358966183135292
39628170353184493,,inf,2.4340047982970203
39628164544071760,,inf,2.7504404058594716
39628182004957429,,inf,2.4074831051049688
39628181946240391,,inf,2.4677685278549455
39628176401370811,,inf,2.7510609347881316
39628170600646822,,inf,2.3172403151605643
39628170596455426,,inf,2.6668513241437335
39628176409761045,,inf,2.330868895174087
39628118020855000,,inf,2.562057973077217
39628141475400422,,inf,2.370479976369595
39628147309676548,,inf,2.4641874784535105
39628141458625397,,inf,2.607782757507445
39627993550685858,,inf,2.5324574501835384
39628023175054512,,inf,2.400909044549377
39628129462911338,,inf,2.6178831336630948
39628017093315982,,inf,2.7312534432868754
39628076497242272,,inf,2.6765952815295777
39627564804735195,,inf,2.4889544101981884
39627582726996591,,inf,2.4639918687431543
39627570773229624,,inf,2.7281528773232373
39627570769041106,,inf,2.650635745195683
39627564804737633,,inf,2.3961326205930593
39627570769041095,,inf,2.396832421077953
39627570773231982,,inf,2.3064596084633373
39627594693348509,,inf,2.532182798578497
39627588708073552,,inf,2.618071658100565
39627588703882005,,inf,2.598408122072406
39627582722802750,,inf,2.681989309041603
39627576737534920,,inf,2.6531539903133696
39627570769038708,,inf,2.4330282770969145
39627570764844198,,inf,2.565498419038724
39627582718611064,,inf,2.6529390989061805
39627576737533442,,inf,2.4803557221523604
39627576750113001,,inf,2.3549960931063074
39627576745921432,,inf,2.5682955193576373
39627588716462917,,inf,2.304263824752504
39627642806209189,,inf,2.5839682011453444
39627648812451070,,inf,2.665063392736775
39627642810403906,,inf,2.4383920641913703
39627703095133514,,inf,2.478668448603593
39627709130737537,,inf,2.7790819566159883
39627703111909483,,inf,2.351029560041066
39627715170536993,,inf,2.353629623982646
39627709139126878,,inf,2.3409845877811626
39628153353671623,,inf,2.498540850520058
39628100589322429,,inf,2.4380377525796
39628106490709508,,inf,2.6740083865966295
39628106490708598,,inf,2.3395011760839237
39628082897754678,,inf,2.746726459043663
39628100597714643,,inf,2.3680349145179034
39628077067668949,,inf,2.5764310656134306
39628118192818226,,inf,2.510398784197473
39628046134675737,,inf,2.6933500695991848
39628034252212525,,inf,2.6263534136422697
39628040187152814,,inf,2.5877799781436743
39627944338917357,,inf,2.6082607242538804
39627938324284420,,inf,2.4766868022203
39627938324283947,,inf,2.71651311952485
39627944330529426,,inf,2.3996908096027036
39627950332580078,,inf,2.5766017850607312
39627944317948340,,inf,2.6562037330186192
39627938328482595,,inf,2.3995868672250134
39627950336772638,,inf,2.6430926372410677
39627944334725916,,inf,2.350590897029707
39627944334726491,,inf,2.412730539514102
39627944334723273,,inf,2.3861285801072176
39627938324287721,,inf,2.6142748022943385
39627938328477745,,inf,2.6820929355617866
39627938328478299,,inf,2.6077912098660074
39627944326336271,,inf,2.3867408035284554
39627944330529587,,inf,2.32344910323476
39627944330529258,,inf,2.5264960773503766
39627950328384024,,inf,2.4270030165298184
39627968355502511,,inf,2.3009517274277713
39627823840760044,,inf,2.5229578373024943
39627823849144535,,inf,2.480012868030597
39627823844950430,,inf,2.483165269910357
39627811857629448,,inf,2.5121068330412784
39628157778657434,,inf,2.642975502100032
39628157774467249,,inf,2.517411602894954
39628157774466755,,inf,2.513275260914679
39628163562605320,,inf,2.3873837363363464
39628180977356447,,inf,2.377072975472045
39628175180825117,,inf,2.7256778213310917
39628175176632339,,inf,2.311670602222636
39628163562603785,,inf,2.6998767466111118
39628169371718708,,inf,2.3673373234107746
39628163545829499,,inf,2.6116452817170757
39628169371714341,,inf,2.414747504884552
39628175180825550,,inf,2.547015376257995
39628175172441142,,inf,2.3283782534891464
39628175176631139,,inf,2.7423900373856984
39628146286267820,,inf,2.453264701853044
39627968544247431,,inf,2.412095881079062
39627968544246374,,inf,2.5428256374410547
39627962550587178,,inf,2.6096335222576026
39627974529517327,,inf,2.38399814936853
39627968535856553,,inf,2.4775453291947613
39627974529518858,,inf,2.675635399371144
39627962546390476,,inf,2.5045282300227028
39627962546389622,,inf,2.7170765220964976
39627968535859820,,inf,2.350690809759089
39628004502014618,,inf,2.3232144667898265
39627998525129602,,inf,2.3730974818609853
39628110856980552,,inf,2.5909304979966796
39627847848955310,,inf,2.4422122768203045
39627883999663260,,inf,2.5329306559343756
39627908104324107,,inf,2.64911242554719
39627902077109452,,inf,2.5090199983421932
39627902077109175,,inf,2.7644217138855702
39627908091744524,,inf,2.5535053226613376
39627908091740298,,inf,2.319060427393116
39627914114761371,,inf,2.357515009508613
39627908125298537,,inf,2.3458981382242614
39628134303143568,,inf,2.5457268734196474
39628081471687098,,inf,2.532726670084117
39627687903364835,,inf,2.7259232600977983
39627699970376581,,inf,2.7592901394058864
39627699970377922,,inf,2.7121558933961274
39627699970377431,,inf,2.7554031620063806
39627699966182889,,inf,2.5181001315751503
39627687907559638,,inf,2.4091067485320945
39627681876150438,,inf,2.7001910477330973
39627699991348584,,inf,2.493730465565295
39627699995543969,,inf,2.4754929593395247
39627639903750984,,inf,2.3793260729622205
39627645922575973,,inf,2.352084184928501
39627651924626856,,inf,2.6323992526388924
39627706211502710,,inf,2.3081889318710935
39627706211500392,,inf,2.770941586736187
39627706198921709,,inf,2.346080436860204
39627706198921363,,inf,2.661805341791482
39627718265933533,,inf,2.6137179546699167
39627712234521625,,inf,2.3817963759130825
39627706194727935,,inf,2.7271512805714364
39627820724397146,,inf,2.384106775713473
39627826768387020,,inf,2.5028307952361515
39627727526955051,,inf,2.637059684655202
39627589286891874,,inf,2.779401470586505
39627607259481129,,inf,2.61667438475773
39627595267966146,,inf,2.5656542550017067
39627607255287265,,inf,2.4417453823599407
39627601265822148,,inf,2.5859116722133106
39627619305525690,,inf,2.4956378601199116
39627619301328851,,inf,2.7710248225059817
39627619292940004,,inf,2.422734793332776
39627619305522726,,inf,2.773980344520336
39627619305523943,,inf,2.706305381702272
39627625299184529,,inf,2.55565514819119
39627706890980079,,inf,2.5168356075697167
39627821584220220,,inf,2.4810236043560208
39627670572501673,,inf,2.6680625824942164
39627640520314060,,inf,2.629262547993054
39627628495247993,,inf,2.544475936147261
39627622493192369,,inf,2.7808402614872074
39627821710053433,,inf,2.3611976242408703
39627815674450743,,inf,2.4846728954042154
39627821714249640,,inf,2.5044604654969547
39627809705953413,,inf,2.5409863716511785
39627616575031164,,inf,2.6473669964930835
39627604575129657,,inf,2.3271314892432486
39627622577081762,,inf,2.349379855970945
39627610577178126,,inf,2.5095128209051656
39627906141393161,,inf,2.5105496505570435
39627990191048117,,inf,2.412869571273122
39627604721927229,,inf,2.498217836107849
39627724830020613,,inf,2.335748396610028
39627724834218189,,inf,2.7760857616034698
39627736909617127,,inf,2.5847418632302577
39627924013321618,,inf,2.6543071248867696
39627912005026733,,inf,2.5269075052670016
39627984109308257,,inf,2.756285580255612
39627918061604309,,inf,2.5821135846634493
39627948134764128,,inf,2.3829128723335353
39627851644802776,,inf,2.44653633953044
39627875787212453,,inf,2.3953433204965004
39627911954698418,,inf,2.710846402220078
39627905931673715,,inf,2.5992821319125627
39627893881441108,,inf,2.5270558929706977
39627881839595721,,inf,2.3779027546678777
39627893902416114,,inf,2.411279402580753
39627887871003229,,inf,2.6679289234013983
39627887875199416,,inf,2.469871619438424
39627947014886233,,inf,2.676255144523319
39627892811895331,,inf,2.508771456768014
39627844501898559,,inf,2.6089935437695173
39627820351099837,,inf,2.7073520976622834
39627844430599742,,inf,2.3974539814665246
39627783869047815,,inf,2.6210608589367577
39627795944442034,,inf,2.489970631839283
39627795952838218,,inf,2.4373817158157856
39627789904647022,,inf,2.3442503529897474
39627801984240941,,inf,2.4454440006253395
39627820095251269,,inf,2.5500126356051025
39627826135052229,,inf,2.3809589841963965
39627826156015441,,inf,2.5810050414932046
39627850331984946,,inf,2.624099522943138
39627850331986594,,inf,2.6316927384493685
39627832208399351,,inf,2.4748429750592216
39627832208396906,,inf,2.3022738001194245
39627705821434252,,inf,2.3118793285741663
39627729817044498,,inf,2.6169888492459004
39627729808655542,,inf,2.735133923533777
39627741888255155,,inf,2.3463472882243903
39627741892444292,,inf,2.528773500905503
39627735844260723,,inf,2.5807579292900535
39628049267820606,,inf,2.3800929831608943
39628025704221897,,inf,2.407328241592121
39628049548840658,,inf,2.6482988958170357
39628013851115592,,inf,2.6733572258098635
39628013851116864,,inf,2.3554883877698676
39627995945632436,,inf,2.5329346701239825
39627995945632736,,inf,2.5788518818263886
39627995945633385,,inf,2.7655208156470796
39627995685586757,,inf,2.547291537975917
39627941767808291,,inf,2.537873814703446
39627947774054111,,inf,2.64295404932019
39627947769858617,,inf,2.534275841904702
39627947774054554,,inf,2.5539210694010133
39627989729676776,,inf,2.7602186210442183
39627863619535057,,inf,2.4766978361956373
39627983924756667,,inf,2.6982080761550447
39627953969037633,,inf,2.4196395174104324
39627923585501945,,inf,2.338666328272881
39627983601795263,,inf,2.3058180922016454
39627935635738898,,inf,2.5364815030720056
39628152481254345,,inf,2.3607773280281945
39628193056950635,,inf,2.5152819381663902
39628064191154843,,inf,2.4169022608485697
39627950814922500,,inf,2.3783403981430262
39627986848188090,,inf,2.4297368974081284
39628123339230451,,inf,2.6418284653356205
39628123356005576,,inf,2.302841822218199
39628117479787931,,inf,2.4990032503829593
39628134844203154,,inf,2.503009299082835
39628128988958851,,inf,2.540867824952193
39628140888198176,,inf,2.584520043059708
39628170042803414,,inf,2.3790290588235536
39628170051191180,,inf,2.716586202952089
39628129244809113,,inf,2.5972320245775453
39628158466526165,,inf,2.58223254564915
39628164288220291,,inf,2.762320178783628
39628158453944841,,inf,2.3465138455145236
39628164284025354,,inf,2.6207702724774693
39628170097328621,,inf,2.415727332080876
39628088090300969,,inf,2.475819378805006
39628082167941972,,inf,2.440322785576266
39628082167941170,,inf,2.317286718598021
39628088077716098,,inf,2.640081000505717
39628088077715021,,inf,2.476971185111618
39628105773486373,,inf,2.4964550869093878
39628152246372994,,inf,2.5809167645549485
39628152258953401,,inf,2.587558607035299
39628004590097324,,inf,2.3486730537427216
39628004598483142,,inf,2.663470506943482
39628004585899752,,inf,2.443098843277075
39628004585903420,,inf,2.63049178817713
39627968921733343,,inf,2.6461354623187763
39627818207807545,,inf,2.3273251674086515
39627812163815853,,inf,2.34475100180668
39627806128210882,,inf,2.6294505495343854
39627842362805183,,inf,2.61346958322707
39627806191130222,,inf,2.3195188365332355
39627818010677604,,inf,2.407817332249108
39627818019062213,,inf,2.4201657622626644
39627818010674908,,inf,2.52502228736402
39627824046280191,,inf,2.6436413171340774
39627824046279257,,inf,2.7125260602016175
39627824050472147,,inf,2.433500016154688
39627818010675838,,inf,2.446440541898981
39627818010673476,,inf,2.6278493264393257
39627830094463591,,inf,2.3217346385944895
39627818019061850,,inf,2.447569841137953
39627824058862077,,inf,2.3935161859981284
39627824058862952,,inf,2.3939325545270935
39627824058861520,,inf,2.783908619720954
39627751841335623,,inf,2.672190442191945
39627733713555785,,inf,2.621607264444737
39627739749160106,,inf,2.4214849350263146
39627947333650168,,inf,2.432817336440463
39627862952644926,,inf,2.5381863831376053
39627923228986113,,inf,2.5010132462139802
39627899166261525,,inf,2.6075678109304223
39627893143244696,,inf,2.4765411435895417
39628186237014392,,inf,2.5010263595685402
39628186237011280,,inf,2.6266893266426883
39628086769092127,,inf,2.536790909354621
39628116238271926,,inf,2.6207700257572495
39628122097716798,,inf,2.7733816533376903
39628122101910943,,inf,2.4093964018093996
39628122093521154,,inf,2.4546703550962743
39628122093522141,,inf,2.5277163066706363
39628122093522788,,inf,2.5498740424484785
39628122097713297,,inf,2.473476233563898
39628127969742372,,inf,2.527334787420406
39628116238274335,,inf,2.3708666535010194
39628116234078152,,inf,2.4687820697103233
39627937707726593,,inf,2.6129705014776166
39628116104055756,,inf,2.478780546456789
39628092578203108,,inf,2.3843476782771726
39628092578202406,,inf,2.4036767230216025
39628186463504224,,inf,2.793735230440678
39628186471894117,,inf,2.4831259187795434
39628087012360299,,inf,2.4175876379494796
39628116351519164,,inf,2.3054999095698463
39628122210963211,,inf,2.4245111830434003
39627474123887373,,inf,2.3338256313376493
39627480012687237,,inf,2.4197555135123974
39636287916868237,,inf,2.782853655475419
39627527160857824,,inf,2.7189031933031984
39627521209147527,,inf,2.7236738603955346
39627515278393984,,inf,2.413279010140838
39627604793233335,,inf,2.500789930582675
39627604784845349,,inf,2.4180504435878336
39627610799474226,,inf,2.4530431298580675
39627610795282699,,inf,2.6261224104422465
39627610795281712,,inf,2.5074430140685466
39627610795280820,,inf,2.447003435101294
39627610803667089,,inf,2.388901372520263
39627616793134901,,inf,2.315008726173633
39627610795278715,,inf,2.3725051157567716
39627610791088514,,inf,2.414025352159879
39627610799474595,,inf,2.45188604751041
39627587160376680,,inf,2.667292608750807
39627593082736747,,inf,2.6891890909241742
39627749706433022,,inf,2.5581535870077596
39627749698044711,,inf,2.3689504095023666
39627967902518513,,inf,2.4601819606751625
39627961904665577,,inf,2.4606804077539683
39627967910904845,,inf,2.474404088287412
39627973904566360,,inf,2.5487179409702265
39627967902519694,,inf,2.397035314809729
39627973896180934,,inf,2.7209964043653656
39627961917246230,,inf,2.342413978307076
39627961908860330,,inf,2.34281664397544
39627979889838575,,inf,2.3147967014467734
39627756895472685,,inf,2.7830340849845827
39627678331963853,,inf,2.751640146734661
39627961959190914,,inf,2.4360386373642893
39627949971867109,,inf,2.5201398008433493
39627913808577078,,inf,2.378630502651409
39627871639048250,,inf,2.480231647898693
39628027662958693,,inf,2.3222193847405666
39627914072818799,,inf,2.357524076848842
39627914072819892,,inf,2.3495428022914058
39627926093694927,,inf,2.6256346472834684
39627914056041809,,inf,2.335973817571699
39627914056044663,,inf,2.601889600594169
39627926093697437,,inf,2.604201064254201
39627920079064823,,inf,2.3178163877114577
39627588590635881,,inf,2.533716454654207
39627594567517801,,inf,2.338027247063797
39627606559034523,,inf,2.5335962407172343
39627594575906515,,inf,2.5630242132628305
39627594575909389,,inf,2.41235185469402
39627600561176899,,inf,2.640206346250675
39627600561178771,,inf,2.403662992963561
39627600561181001,,inf,2.3123638922163714
39627612561084799,,inf,2.4198001746015194
39627612561081700,,inf,2.4158406577203384
39627655703698326,,inf,2.3299202369395435
39627661730911230,,inf,2.3943255451911565
39627649693257282,,inf,2.4083614378019846
39627655716278511,,inf,2.3799857074831765
39627649705836943,,inf,2.366236844813565
39627655716278739,,inf,2.6085994525970584
39627740311193858,,inf,2.7334750277412763
39627752411763538,,inf,2.7408330531815204
39627830916549101,,inf,2.4924532153229215
39627836956344850,,inf,2.3461475824760494
39627867159532022,,inf,2.395184750986816
39627788742821949,,inf,2.7464516867140856
39627782703024748,,inf,2.37007716165575
39627788747018358,,inf,2.6053052434194335
39627794782620819,,inf,2.470997131450412
39627788742823538,,inf,2.566410333187545
39627849119828952,,inf,2.3395833230716034
39627957488060874,,inf,2.60466529704326
39627589496605373,,inf,2.303667302471353
39627878886806488,,inf,2.4074246136583843
39627933161096388,,inf,2.7006637036298455
39627933161099624,,inf,2.594633439477752
39627939175730219,,inf,2.40365114778904
39628022906618802,,inf,2.620762353152828
39628016938126560,,inf,2.77214061410011
39628010982213383,,inf,2.3255710607799123
39628010982214160,,inf,2.5237325313725516
39628010973826765,,inf,2.3979761660935814
39628022910814133,,inf,2.7708163386699116
39628034805862332,,inf,2.541921683732117
39628034810054332,,inf,2.7616960382178286
39628034805862777,,inf,2.773919750749153
39628034801665993,,inf,2.4202916007732074
39628040753383684,,inf,2.4023777061333424
39628046696712211,,inf,2.430422707441364
39628070528749615,,inf,2.601855691662806
39628064618974944,,inf,2.6818087603614518
39628088287432836,,inf,2.6437807341011106
39628141106299397,,inf,2.301455759128091
39628135255247246,,inf,2.418647083609439
39628193447021852,,inf,2.7139622542175674
39627891150949486,,inf,2.674683209964552
39627610199689925,,inf,2.5234444934222804
39627640214131255,,inf,2.410822252307249
39627628239389286,,inf,2.512332524345736
39627634153358764,,inf,2.3536972006849326
39627646178427085,,inf,2.6065077007644546
39627646170045142,,inf,2.6322812509975844
39627790995169815,,inf,2.340349696026101
39627730492335040,,inf,2.3131862253224758
39627676423558271,,inf,2.7300250018350107
39627670400540391,,inf,2.323775254158616
39627676423558649,,inf,2.7316692422230204
39627670404728939,,inf,2.697101318709989
39627682442380174,,inf,2.4603690494094694
39627670400539100,,inf,2.6419487220194977
39627676415172031,,inf,2.7155282810787456
39627598334001251,,inf,2.333350802214132
39627598325616717,,inf,2.35599411722312
39627604315080773,,inf,2.5733561430411362
39627604315081833,,inf,2.341440970462773
39627598334001790,,inf,2.3816197647761843
39627598334002504,,inf,2.466476673015166
39627598329810729,,inf,2.4818843735426435
39627592336147180,,inf,2.3239934266783076
39627712691701943,,inf,2.3377528719018246
39628094302064103,,inf,2.3681620728846964
39628111964277344,,inf,2.723026489907408
39628129550996515,,inf,2.7819272487824724
39628129559381825,,inf,2.5579457706733626
39628135561429286,,inf,2.361753101842789
39628135569820109,,inf,2.3389014050253736
39628135569821972,,inf,2.6437840998465956
39628147250957797,,inf,2.57102223590477
39628112169797545,,inf,2.537187604882847
39628005437346943,,inf,2.7587324228405534
39628041269281585,,inf,2.4458406526866225
39627867293746568,,inf,2.793408878024281
39628106121609842,,inf,2.3593795923214285
39627552838388037,,inf,2.573416221985305
39627558798497749,,inf,2.3200686793073535
39627546878283500,,inf,2.4272148706610164
39627558794301692,,inf,2.488335778775346
39627558794301633,,inf,2.656867838914568
39627546874086534,,inf,2.429410133855266
39627552838387361,,inf,2.542350054584764
39627552838391988,,inf,2.5678257634094743
39627558785914629,,inf,2.501199117532615
39627727409515592,,inf,2.7820636149613662
39627721373912676,,inf,2.7250361675454813
39628182575388326,,inf,2.684040828254243
39628124199060383,,inf,2.774564639057599
39628047342636595,,inf,2.3796724070139725
39628053281770677,,inf,2.716150119200372
39628047342638179,,inf,2.7406152277160323
39628053264997228,,inf,2.456559161394196
39628170751643039,,inf,2.3076054033081435
39628164934145417,,inf,2.6809460294122966
39628170755838661,,inf,2.475838243686934
39628164955112217,,inf,2.5693933344088515
39628164946726284,,inf,2.3337587166806575
39628170755836265,,inf,2.4930199400645887
39628028317270723,,inf,2.5186869391116296
39628075700325313,,inf,2.6155440329825925
39628093408677244,,inf,2.4736745968819753
39628028103363223,,inf,2.674890092048978
39628034092829323,,inf,2.699768762990048
39627932557116524,,inf,2.3557978480476662
39627920565600587,,inf,2.3303673628080164
39628022101316957,,inf,2.5765218749228156
39628028048839467,,inf,2.5538328639160173
39628028061417732,,inf,2.3180481259041428
39628022097119380,,inf,2.37376921256577
39628034004750494,,inf,2.524634818813883
39628022101311964,,inf,2.3195408950828384
39628028061419085,,inf,2.626573179094247
39628022004845659,,inf,2.54172365829555
39627865976734943,,inf,2.3470955900679717
39627700117178559,,inf,2.628864003202707
39627784644985751,,inf,2.7135454830863197
39627772590560480,,inf,2.7337814568491794
39627766554956083,,inf,2.4082217219711475
39627766554953385,,inf,2.7547929192496676
39627772594753266,,inf,2.626964780888389
39627670111128637,,inf,2.4533279581856147
39627712335184515,,inf,2.495696077207445
39627703355183760,,inf,2.4067860150852316
39627703359377856,,inf,2.55305308057769
39627715694824074,,inf,2.726558529845902
39627721730424972,,inf,2.719721976562288
39627721730429667,,inf,2.785234550168697
39627715694822957,,inf,2.3296627474970037
39627685525194445,,inf,2.710919721199733
39627700888930516,,inf,2.3494342127283545
39627706911953141,,inf,2.4544485984188715
39627700884735730,,inf,2.4828488253258505
39627694840746602,,inf,2.30068275099655
39627688813527370,,inf,2.7430966148061193
39627694844937480,,inf,2.774447082402787
39627749148590857,,inf,2.4548050291990173
39627755171614543,,inf,2.6666441521506004
39627761215609484,,inf,2.76213739743447
39627755180005214,,inf,2.3854127575168804
39627761207214638,,inf,2.426575714932827
39627755175811781,,inf,2.5446509700437265
39627755180001592,,inf,2.508296796479776
39627755180001296,,inf,2.5086191268737585
39627749140201632,,inf,2.697178157438502
39627761215607611,,inf,2.6774547657555194
39627761223997852,,inf,2.7033907598170495
39627712960140126,,inf,2.4631931195326584
39627737144492778,,inf,2.7503270581181343
39627749240870667,,inf,2.355691552876938
39627797479560525,,inf,2.6077227558970724
39627610560404021,,inf,2.3923120632168033
39627616558260660,,inf,2.399614770627117
39627616558258953,,inf,2.601660348705393
39627622564500562,,inf,2.6137653377718117
39627616566641227,,inf,2.3440097773891497
39627616566646895,,inf,2.627958975259429
39627622568691268,,inf,2.4376516184456456
39627616566648904,,inf,2.3400911463380902
39627628579130268,,inf,2.6031493083271227
39627538825221399,,inf,2.5230884357154095
39627658769733028,,inf,2.724739746232533
39627658765537485,,inf,2.6288258721805824
39627658782311316,,inf,2.48638452662153
39627658773926748,,inf,2.442247682069824
39627664796946923,,inf,2.4165397305855465
39627664792752998,,inf,2.6829585734148615
39627658769731991,,inf,2.7111361901805804
39627730924342179,,inf,2.5814710843420894
39627724888736597,,inf,2.6681352842198844
39627700767297692,,inf,2.6944435676862226
39627706798709561,,inf,2.532147106158636
39627700767299460,,inf,2.480438483983214
39628079366145884,,inf,2.5441298057200603
39628067525625159,,inf,2.4065847715864446
39628049737582973,,inf,2.535722519769233
39628061603267484,,inf,2.3113309606981507
39627869730642170,,inf,2.586434741648828
39627862709376937,,inf,2.785043535007859
39627862713567513,,inf,2.304182503180355
39627856686350549,,inf,2.4833908018844
39627856677967546,,inf,2.699145014135835
39627856665383599,,inf,2.3420631718928835
39627868682060261,,inf,2.408604373542149
39627850529114192,,inf,2.496051767044286
39627790009506655,,inf,2.6859645247787536
39627790009500920,,inf,2.307848178756614
39627790013694296,,inf,2.7366050823370056
39627905042482952,,inf,2.6688954422886675
39627911065502181,,inf,2.406631439057487
39627742118938923,,inf,2.394825253954625
39627729850599817,,inf,2.4119443979475754
39628013834340634,,inf,2.580440243283627
39627959971090029,,inf,2.3178731160728234
39627953969039068,,inf,2.566779125910522
39627965968941982,,inf,2.3329092828452866
39627953969037836,,inf,2.6000245541684994
39627947954408575,,inf,2.511452214754505
39627947950214432,,inf,2.5408905032850515
39627959878812240,,inf,2.4325452846348496
39627977754936960,,inf,2.6882139326435937
39627977738162691,,inf,2.30414766720551
39627977738160194,,inf,2.3114214539169415
39627977750745573,,inf,2.7506508736462933
39627983736015297,,inf,2.491845584260339
39627989717091991,,inf,2.5032716151795804
39627899875101219,,inf,2.4540041918352635
39627815196298510,,inf,2.5294997155378414
39627911631737193,,inf,2.6349180577845677
39627911631737722,,inf,2.6810696337941784
39627923677776701,,inf,2.7436353498449675
39627911652704571,,inf,2.50024074196555
39627911648511921,,inf,2.428050231043566
39627917658951172,,inf,2.3057996154178264
39627929642074294,,inf,2.452910934942472
39627941658755529,,inf,2.566952151669759
39627935652512259,,inf,2.60383234162485
39627935652515168,,inf,2.447095197483705
39627929646271801,,inf,2.4579349815363343
39627983635353110,,inf,2.5723857394849317
39628001545031160,,inf,2.4157433212845567
39628007526106561,,inf,2.7909571411406127
39628001549225432,,inf,2.3752921742068187
39628007530299949,,inf,2.3886299640562005
39628001557610889,,inf,2.70920750262448
39628013482021207,,inf,2.4820071525730434
39628013486211240,,inf,2.5898562682546307
39627995580728413,,inf,2.788599169088087
39628007526108673,,inf,2.3701637497012276
39628007526108558,,inf,2.4866982556593658
39628007517721572,,inf,2.5248285300348616
39628001549223786,,inf,2.322962718011175
39628001549222850,,inf,2.623715470863878
39628007547079046,,inf,2.3364800645942214
39628007547077823,,inf,2.3802668095037904
39628001574387800,,inf,2.5667180041884414
39628025435784700,,inf,2.324054246093208
39627839179333433,,inf,2.404653065034721
39627833143725044,,inf,2.6425164657925064
39627839183526908,,inf,2.505325533587378
39627833147918265,,inf,2.3193447171440162
39627833147920189,,inf,2.4290544132082834
39628140854644642,,inf,2.721184831120011
39628064342148600,,inf,2.6282072366308795
39628070256119914,,inf,2.317031672612331
39628064316986460,,inf,2.3255196186415734
39628064216318404,,inf,2.7916774208868738
39628058298159279,,inf,2.6164579114971684
39628070151259222,,inf,2.70293512724461
39628076061038136,,inf,2.5556565699761844
39628058293963041,,inf,2.692502970185335
39628111658092086,,inf,2.7171338962784732
39628046637989989,,inf,2.499331880663544
39628134881952694,,inf,2.329652818650832
39628152426727326,,inf,2.5296625548316602
39628187449169467,,inf,2.4899600975464877
39628004636231529,,inf,2.3021372420566792
39628016581607690,,inf,2.4737156036916903
39628022537522671,,inf,2.3515032011379793
39628010608922472,,inf,2.316757071712485
39627992942514538,,inf,2.342437068640123
39627992950901116,,inf,2.7569157053513105
39627998923590760,,inf,2.733839156329611
39627998915202314,,inf,2.399554189188194
39627992946705276,,inf,2.4322627705252233
39627998919396119,,inf,2.7952841464450526
39627998919393719,,inf,2.741119574997392
39627998923591883,,inf,2.507694408510272
39627986994989604,,inf,2.49904193149661
39627986986598493,,inf,2.747806179099393
39627998940368446,,inf,2.6243931730677064
39627986974019465,,inf,2.7214917926423166
39627986982407763,,inf,2.7861083180173973
39627986982407950,,inf,2.7748507833367624
39627981009717939,,inf,2.7387057027583572
39627986990794974,,inf,2.47380424433669
39627981005521740,,inf,2.702510432224478
39627998936172307,,inf,2.616497087445264
39627986982405370,,inf,2.351242811087974
39627992959291025,,inf,2.6527716147686227
39627992967677056,,inf,2.627377528164365
39627998952951386,,inf,2.7863367190917283
39627830358708834,,inf,2.3207297432057534
39627830287402281,,inf,2.637195689638055
39627950655537852,,inf,2.543574856029526
39627986617499930,,inf,2.6182930867754197
39627986609114159,,inf,2.5974792660963355
39627986609113935,,inf,2.7148428137839624
39627812272866117,,inf,2.6258039409956018
39628105450525397,,inf,2.4716937281985647
39628105450521493,,inf,2.750246372593487
39627971543173617,,inf,2.7445897312955636
39627959551657390,,inf,2.4707200858828817
39627965545319940,,inf,2.682410238967732
39627965549514463,,inf,2.532728611923671
39627971547367047,,inf,2.782508015412209
39627965549511606,,inf,2.6877414671903788
39627959551656909,,inf,2.3338088045652094
39627953566386476,,inf,2.720909114741937
39628025351897606,,inf,2.392600241358212
39628007463191500,,inf,2.616354075847658
39628013427491768,,inf,2.383061909021953
39628013427494111,,inf,2.4775950932263364
39628013427492789,,inf,2.3853518430174128
39628013435882427,,inf,2.4655890707973147
39628013431685569,,inf,2.3562058186706563
39628013431686257,,inf,2.6664461952481773
39628013435880282,,inf,2.5621476300245165
39628019395988902,,inf,2.309354041059136
39628013427493034,,inf,2.3809233054474093
39627971228602648,,inf,2.3578921983526837
39627863036527442,,inf,2.6675708068131345
39627802919571644,,inf,2.425254927244693
39628133778853494,,inf,2.3345795523214483
39628039474120981,,inf,2.3038330627975974
39628057295720145,,inf,2.7389781274670706
39627967852186724,,inf,2.5496983426664044
39627973678072862,,inf,2.5311398930849163
39627677031731026,,inf,2.450734702115844
39627677031729469,,inf,2.38578142423953
39627677031728371,,inf,2.656216427778374
39627664981495042,,inf,2.6720185499240037
39627671008708962,,inf,2.3560977735515034
39627658971058328,,inf,2.4043122428737376
39627664985689257,,inf,2.6110033990597517
39627671012903668,,inf,2.490242797299198
39627671004518090,,inf,2.3356465475002497
39627533372624899,,inf,2.437658255851301
39627557183686623,,inf,2.756238865913772
39627527437680888,,inf,2.673411036676811
39627509662226721,,inf,2.307010279125397
39636305759438540,,inf,2.324529594493862
39627509662224007,,inf,2.601690151678417
39627515580384512,,inf,2.6834719743887554
39627509658026687,,inf,2.368447808304189
39627515588774683,,inf,2.5557790646666976
39627901955478162,,inf,2.3221041121051744
39627895928259720,,inf,2.745281758163502
39627991914908378,,inf,2.361369737719631
39627991902326853,,inf,2.48414267698116
39627997875015294,,inf,2.6409174331371585
39627985921249208,,inf,2.467386500677465
39627991902323597,,inf,2.6668123267647763
39627775144888685,,inf,2.3194216511857557
39627781188879950,,inf,2.391858698421158
39627793272669122,,inf,2.3184183260383846
39627781188881693,,inf,2.3461355752673763
39627787224484779,,inf,2.637393121867194
39627787228676802,,inf,2.4091865974165616
39627787228680415,,inf,2.4510270766843543
39627793264280233,,inf,2.3373678285208537
39627781184686131,,inf,2.3446707043012216
39627781184684574,,inf,2.480543253105502
39627793272669194,,inf,2.3214591574442665
39627738922880457,,inf,2.499436462649919
39627732891468363,,inf,2.4539647319467384
39627732887274957,,inf,2.3733882171177583
39627744954287701,,inf,2.611597294388188
39627781012719075,,inf,2.3008993567468043
39627774964534781,,inf,2.381047307394241
39627774972923372,,inf,2.7104409068237794
39627738742525173,,inf,2.3745693089353517
39628104808793068,,inf,2.3677927909359373
39628104808795462,,inf,2.768592196930132
39628104817183928,,inf,2.6150472935123688
39627678482957970,,inf,2.763375805937804
39627642315474358,,inf,2.524174081786758
39627642319667911,,inf,2.719325265366963
39627630286210634,,inf,2.4665558139540567
39627967881543799,,inf,2.5936932356876494
39627847421138345,,inf,2.7949272767126545
39627877611736552,,inf,2.454296850583733
39627895701768853,,inf,2.6274291818610824
39627919911290031,,inf,2.5382938569234152
39627919907098392,,inf,2.5757526748383874
39627931936359123,,inf,2.607670327688149
39627925921729320,,inf,2.483805693276149
39627925913340539,,inf,2.568597885310554
39627931932165338,,inf,2.3932986026309657
39627883592810651,,inf,2.6121988556450715
39627883588618183,,inf,2.7298579986573093
39627889611639981,,inf,2.70574448890996
39627612359757993,,inf,2.4078671707752948
39627824381823243,,inf,2.740565014171469
39627854580810406,,inf,2.5826563257234616
39628022818539914,,inf,2.336219920100632
39627915138174935,,inf,2.451205118703828
39627915129785582,,inf,2.379002125705764
39627909102567564,,inf,2.4658365852811253
39628123498615279,,inf,2.33300144612384
39628129374834553,,inf,2.374367045889538
39628135230083319,,inf,2.3538424235854354
39627993307417615,,inf,2.599178800603145
39627736532126516,,inf,2.3296723399742274
39627748611724918,,inf,2.3650993448255204
39627736523740921,,inf,2.4875781167662043
39627748599141128,,inf,2.6841849559454705
39627748607530902,,inf,2.542825139962194
39627621977294380,,inf,2.6356892569068577
39627633998172775,,inf,2.6289335156939777
39627646035824934,,inf,2.3821626698055574
39627688373126207,,inf,2.552523058805521
39627718525981424,,inf,2.710037098230976
39627718530174499,,inf,2.476462156079955
39627712549094255,,inf,2.6891323901770416
39627712540705407,,inf,2.6791199295212533
39627706505101386,,inf,2.7058366725914116
39627718576311145,,inf,2.307515452886762
39627706509295982,,inf,2.624756696803275
39627724616109988,,inf,2.5709006533087098
39627688528319957,,inf,2.679404294140596
39627688519930060,,inf,2.520802458776952
39628170395124206,,inf,2.7404128282148528
39628117920187340,,inf,2.722209497042024
39628141437654637,,inf,2.30658873718143
39628100098590683,,inf,2.35828703897179
39628100098592757,,inf,2.3002993784105055
39628100106980500,,inf,2.7404128324159323
39628088354537614,,inf,2.5646039974294914
39628088350346548,,inf,2.7476627670170988
39627636753826656,,inf,2.6875413292437056
39627624741340259,,inf,2.7518779777951607
39627642760069326,,inf,2.6574262425357933
39627763388252220,,inf,2.4856379463312557
39628106591372648,,inf,2.6780045311207905
39628100702568674,,inf,2.776092099965512
39628118410920769,,inf,2.562099114827689
39627897601789420,,inf,2.4477724133633645
39627909656217010,,inf,2.664223960024027
39628112266265916,,inf,2.5194782404067757
39628106381658697,,inf,2.6066439393066743
39628106373270145,,inf,2.43130767338979
39628081614291605,,inf,2.6094920362326968
39628093412869667,,inf,2.3277347199883165
39627998407691291,,inf,2.3401819618933466
39627992430806123,,inf,2.3627073436169908
39627968586190021,,inf,2.4747314113741066
39627926265661950,,inf,2.4737235960264776
39627920246836012,,inf,2.6044061058098897
39627962307315280,,inf,2.4472976415195222
39628169325579689,,inf,2.396161323940955
39628175138886341,,inf,2.680089891239761
39628169329775142,,inf,2.3417858350398406
39628180939604681,,inf,2.316574184324287
39628180935415209,,inf,2.4673419454636245
39627950244501440,,inf,2.5420100453681043
39627860033408059,,inf,2.497659814326195
39628163407416696,,inf,2.742032194552232
39628175034026783,,inf,2.446324663591405
39628175038218529,,inf,2.7083170696054206
39628169224918014,,inf,2.6740257877200064
39628163407413419,,inf,2.32982246176283
39628180847329519,,inf,2.7728838815954564
39627736259498312,,inf,2.512884163283432
39627742290904833,,inf,2.485807618979176
39627718203016036,,inf,2.3860428311655326
39627718186241395,,inf,2.4280209494843024
39627712217744118,,inf,2.395652567683943
39627706186334891,,inf,2.632771853811353
39627706182143849,,inf,2.3808644179310807
39627706190532520,,inf,2.4456542316965875
39627712213553892,,inf,2.5239177938205377
39628086592930594,,inf,2.784894831592841
39627625102052040,,inf,2.734931957393732
39627637127122548,,inf,2.41794385210975
39627643137559488,,inf,2.6311797685012293
39627643137559630,,inf,2.4148846331867806
39627637118733947,,inf,2.35938357262093
39627697374107262,,inf,2.521476373440597
39627628663018014,,inf,2.738634661207605
39627556814593106,,inf,2.5994017652981283
39627556818787118,,inf,2.632467615087497
39627556818786661,,inf,2.73776385885294
39627706911953809,,inf,2.774451424149096
39627791435570457,,inf,2.6302898849480254
39627845806334726,,inf,2.671675405485998
39627845806331213,,inf,2.4235893487824507
39627857873344887,,inf,2.795530349992925
39627845797938328,,inf,2.35567666825527
39627851829347790,,inf,2.377138077539819
39627845789558478,,inf,2.4022072912622843
39627845793750481,,inf,2.769972128505124
39627628688183776,,inf,2.608576072805673
39627634681843324,,inf,2.736567390467786
39627622673550233,,inf,2.681987704543343
39627628675597882,,inf,2.7133998057362163
39627634681842127,,inf,2.770992015638893
39627628679792186,,inf,2.653045875088538
39627634681848073,,inf,2.507600964977767
39627616424042967,,inf,2.3319998423608945
39627851732882347,,inf,2.5382399235796873
39627893961130130,,inf,2.3156227304596078
39628019878333098,,inf,2.6246737696879445
39628019882526109,,inf,2.5335743995625597
39628013918228214,,inf,2.5172099434342368
39627672229253464,,inf,2.730409505113059
39627672237642329,,inf,2.618483314276077
39627898897830154,,inf,2.5025136167008624
39627892925138260,,inf,2.5688808477524017
39627892920947398,,inf,2.5890438297982015
39627874818330320,,inf,2.4827618499495805
39627729791879384,,inf,2.300327232353148
39627729796073247,,inf,2.5578089314684282
39627934952068508,,inf,2.3462663019775074
39627875661389507,,inf,2.486003008814997
39627857256777807,,inf,2.3834663620387895
39627815045302562,,inf,2.6169637126876313
39627827133290933,,inf,2.5143049588411106
39627827137480149,,inf,2.4178144833442827
39627815062084878,,inf,2.3208139626064375
39628181577139161,,inf,2.428782118005866
39628140858837182,,inf,2.4323563352283077
39628076191055922,,inf,2.573395913684266
39628187205897051,,inf,2.423138049146833
39628175604450720,,inf,2.5425071410974347
39628175604450277,,inf,2.6087472687137105
39627968896566952,,inf,2.7201670792612966
39627974881841475,,inf,2.7504161446349658
39627920896954462,,inf,2.5349836746623837
39627944951285075,,inf,2.372566497985715
39627881193674536,,inf,2.5718120396772646
39627881189479279,,inf,2.7440469284099627
39627875162260300,,inf,2.4331804484979083
39627875174844999,,inf,2.36852110959328
39627917528926886,,inf,2.7060710830097836
39627893160018758,,inf,2.3944227637382016
39627941302242786,,inf,2.5620244319888386
39628151298459155,,inf,2.529632403316656
39628151302652795,,inf,2.4579804435892703
39628157141123619,,inf,2.6061184626089386
39628086727150534,,inf,2.32038912808052
39628086718764877,,inf,2.515779434536108
39628086718761171,,inf,2.473660452058413
39628086710373497,,inf,2.568217281793731
39628086722957227,,inf,2.3613582824113646
39628086722954855,,inf,2.79314070168645
39628086722954708,,inf,2.422771677866177
39628086718760009,,inf,2.470934994960291
39628186446729545,,inf,2.669884758795875
39628180658585724,,inf,2.6407811108895856
39628186442532824,,inf,2.372870652964247
39627640918770155,,inf,2.439739783769284
39627640914581658,,inf,2.3499656260295265
39627652948036533,,inf,2.575767723123556
39627640906189890,,inf,2.4191713409822038
39627521490160862,,inf,2.6040447674904557
39627859731419828,,inf,2.52267569881291
39627859735610955,,inf,2.37710771557561
39628015948267675,,inf,2.3414499711722083
39627829402407743,,inf,2.694362389142738
39627829410794778,,inf,2.5984849448827223
39627835442201366,,inf,2.610430782155676
39627823362610208,,inf,2.4805954716956817
39627829402408103,,inf,2.727093276792156
39627805184497367,,inf,2.6983947352320308
39627901741565195,,inf,2.766308700233878
39627913791804880,,inf,2.488324794521824
39627744622943073,,inf,2.656572461132174
39627738591528506,,inf,2.6649145046947202
39628015814051375,,inf,2.4572001150265
39628081173891450,,inf,2.7134291058104223
39628104624246535,,inf,2.3212318811896013
39628104628438056,,inf,2.713901417734039
39627841704300466,,inf,2.3826078528740013
39627841708495488,,inf,2.7429547225518913
39627847748290483,,inf,2.5507470922317483
39627835660305244,,inf,2.7079366389698314
39627642441304298,,inf,2.598219744792852
39627642441303777,,inf,2.4929507031202416
39627660476810507,,inf,2.6523383502159894
39627642424526645,,inf,2.6905453906852093
39627642424525592,,inf,2.4129890529571374
39627642420334008,,inf,2.6489216088639798
39627648443353661,,inf,2.612317213510022
39627654457983937,,inf,2.346183408409944
39627648447546885,,inf,2.3036169373039064
39627648434967256,,inf,2.767878844160108
39627642424529133,,inf,2.3804345481021025
39627648434966806,,inf,2.4132865584081444
39627642437108196,,inf,2.681147144503674
39627642432917120,,inf,2.594139651635805
39627648443354401,,inf,2.69993761496696
39627624531627238,,inf,2.544092224578786
39627636531527970,,inf,2.3230438636372046
39627624510654911,,inf,2.447025503601366
39627636531528653,,inf,2.5926684621772473
39627636535724688,,inf,2.353493261344759
39627636527334900,,inf,2.7126067581940814
39627630521090497,,inf,2.3770356538713036
39627720761542422,,inf,2.5767054067325037
39627720761541423,,inf,2.351796968163734
39627720748959166,,inf,2.525849979288254
39627726792951441,,inf,2.6620179165243343
39627732824361629,,inf,2.3329374935219764
39627630302990422,,inf,2.492724484258216
39627893147438986,,inf,2.3881668114227277
39627577702225581,,inf,2.7736467393785613
39627746296466558,,inf,2.565928181383472
39627848973028298,,inf,2.311915592841778
39627682366888150,,inf,2.303442498677883
39627700482083018,,inf,2.5990814316124227
39627809097778720,,inf,2.5952663435126455
39627809185864376,,inf,2.4130523299347297
39627658425797539,,inf,2.7506291450993503
39627670480230293,,inf,2.7061694004651358
39627676536801672,,inf,2.4258905943934272
39627712737841178,,inf,2.3829523540624673
39627718781831485,,inf,2.727975137776553
39627712746225803,,inf,2.5069324970542004
39628152934241385,,inf,2.692727219194509
39628035065908001,,inf,2.640135034459849
39627612691106790,,inf,2.3961229524183016
39627576997579822,,inf,2.724509298845666
39627582978656734,,inf,2.4444374641984337
39627571020694064,,inf,2.5332435438239633
39627576993382519,,inf,2.5017398386561123
39627571020695844,,inf,2.4369263486690396
39627571016502261,,inf,2.487414205241283
39627582978655901,,inf,2.635025600081238
39627576997579246,,inf,2.619328628223973
39627571024888181,,inf,2.5952190329517246
39627612913405718,,inf,2.364804371841649
39627636997102045,,inf,2.382946513069753
39628100769686562,,inf,2.7254008266673435
39628112555682759,,inf,2.3656288788278315
39627855428064252,,inf,2.67123017507768
39627849396655421,,inf,2.425694649924541
39628063876583323,,inf,2.4281276862784393
39628099175843549,,inf,2.3463777152348237
39628075775823795,,inf,2.655496130261873
39627992288201380,,inf,2.790452201072782
39627992288201523,,inf,2.7675521557691845
39628157665417354,,inf,2.437649699069821
39627857034481750,,inf,2.573477947942587
39627639857616104,,inf,2.56999486474156
39627719016717661,,inf,2.428721024902486
39627725048121900,,inf,2.4208960229993477
39627725043926262,,inf,2.3781237419680767
39627544760159507,,inf,2.66331659800898
39627544776936519,,inf,2.6009268716134923
39627749043739882,,inf,2.4711649201341297
39627749039544290,,inf,2.5682765738201376
39628102984272233,,inf,2.4777087563988416
39627904908268024,,inf,2.3313233733100907
39627862633878112,,inf,2.5609618541512207
39627856585687412,,inf,2.693373414963576
39627814185472023,,inf,2.793091481864984
39627844350902614,,inf,2.641810311018548
39627778148008952,,inf,2.357970615694801
39627778148011668,,inf,2.772512055563083
39627754051731972,,inf,2.428313093333269
39627760091531449,,inf,2.4389729476814046
39627748007743757,,inf,2.410976877707146
39627754051737551,,inf,2.34024925035236
39627760078953503,,inf,2.422432993360902
39627953935485311,,inf,2.602290360414752
39627905554187815,,inf,2.5037419071775315
39628070172232442,,inf,2.6681234009217074
39628076098783753,,inf,2.3329467073522654
39628070172232267,,inf,2.4494547967385967
39628082000169798,,inf,2.6631192417889347
39628040623361412,,inf,2.71272814042731
39628058444956047,,inf,2.5333541870158895
39627975078969785,,inf,2.661480692653427
39628111557428616,,inf,2.5706258874208165
39628111565818269,,inf,2.5095040780352185
39628081907897150,,inf,2.311380047048451
39627875363586373,,inf,2.374719303799522
39627881374023852,,inf,2.5123746321720186
39627881386610059,,inf,2.439022035640411
39627997648525228,,inf,2.5546985515388614
39628021509915605,,inf,2.3008369721524597
39628021509917126,,inf,2.3851831143907454
39628021501528403,,inf,2.47073519860088
39628021514112494,,inf,2.5928542669153964
39628021518304377,,inf,2.518221386030041
39628015541423170,,inf,2.3944196160778626
39628021514109630,,inf,2.3238403663519382
39628021509918064,,inf,2.654698839900505
39628027457443119,,inf,2.3860724611737565
39627871462887410,,inf,2.64800889669012
39627877502685998,,inf,2.4952068214090994
39627871479660834,,inf,2.355498644916486
39627871467078573,,inf,2.473088984274218
39628174950138053,,inf,2.33063857708776
39628174954333491,,inf,2.4146311184206533
39628174975306062,,inf,2.3471020484466694
39627479987525461,,inf,2.7422107824652846
39627491781904046,,inf,2.6327999044487593
39627587210709029,,inf,2.348997685184108
39627853662257450,,inf,2.774020705050062
39627841591053591,,inf,2.5241069363834345
39627901951282679,,inf,2.5467272432450354
39627968112234983,,inf,2.696949822182284
39627974105892844,,inf,2.3540379145810006
39627980086970876,,inf,2.7137602596002552
39627974105892062,,inf,2.3317157119869654
39627980095359284,,inf,2.6575461661337894
39627974147837126,,inf,2.473748169482538
39627744744571595,,inf,2.6409998039078095
39627750784370618,,inf,2.715859719324071
39627648242024811,,inf,2.3070657194493953
39628027897843967,,inf,2.485446199374406
39628033836975690,,inf,2.426318739883584
39628039788693574,,inf,2.303095066546463
39628033832784377,,inf,2.7552050121022407
39628051675352698,,inf,2.584417922906756
39628051666962514,,inf,2.321150436999454
39628051679546984,,inf,2.439912102076187
39627588628383882,,inf,2.601724796697455
39627600598926390,,inf,2.5951696989480983
39627588632579293,,inf,2.715177379771088
39627594617848232,,inf,2.3073796749027258
39627588628385757,,inf,2.4943657928014256
39627588632577397,,inf,2.597709597917499
39627588628385321,,inf,2.3274470440213375
39627600594734753,,inf,2.698366891474624
39627594605267583,,inf,2.7121330327094384
39627594634629004,,inf,2.5144143258437217
39627696300360949,,inf,2.6507776248517025
39627649642924759,,inf,2.6253065135884284
39627721973698125,,inf,2.4770846867347616
39627734061681523,,inf,2.6470391500035517
39627770438883250,,inf,2.300259938824493
39627800751115025,,inf,2.3870093807405635
39627872847005980,,inf,2.7148261546719783
39627908938991262,,inf,2.3601654107842336
39628022881455379,,inf,2.3578598369370325
39628028841559370,,inf,2.320516867489397
39628022885649185,,inf,2.3525323521171844
39628022877262182,,inf,2.3204300784398098
39628022881457054,,inf,2.4766892138105705
39627610019336019,,inf,2.5758576440517977
39627616046553056,,inf,2.7055335584607234
39627785068611525,,inf,2.7735924683379336
39627574506161568,,inf,2.415567580959717
39627586313126638,,inf,2.4314488742391336
39627839485519056,,inf,2.647875795794068
39627827414308493,,inf,2.7049078527397645
39628181887521453,,inf,2.512677745514325
39628158542025543,,inf,2.3067764993029036
39627594726902199,,inf,2.6738733022416934
39627594722705640,,inf,2.5809339008464662
39627594705930820,,inf,2.3389069104773705
39627594714319947,,inf,2.5945665205374877
39628106528459372,,inf,2.6191380604696772
39628100639658569,,inf,2.437117336005664
39627933710550050,,inf,2.552141501783485
39627939716796405,,inf,2.785801354205261
39627939720991309,,inf,2.7065994646749596
39627933710552646,,inf,2.5367124135685866
39627921597403071,,inf,2.3641235613541114
39627986315513417,,inf,2.6386284519354195
39628057715151023,,inf,2.7449584264132127
39628057715151678,,inf,2.5249335430730357
39628045845270377,,inf,2.721965987726428
39628057723540198,,inf,2.6793182241666718
39628063654281458,,inf,2.653140035173419
39628063650089587,,inf,2.3776959642879927
39628039910327489,,inf,2.57531623905402
39628057740317735,,inf,2.3618774222083294
39627693964133599,,inf,2.425069282078952
39627887191525000,,inf,2.5057158988260637
39627790714144418,,inf,2.4845540360551137
39627743129771488,,inf,2.3985689679287296
39627688788367743,,inf,2.4592896162230082
39627899950597846,,inf,2.320895164452057
39627868434604645,,inf,2.712796557217029
39627874474402557,,inf,2.3461292499823037
39627868455570437,,inf,2.636449015339651
39627868434597606,,inf,2.4422837716995764
39627802030380092,,inf,2.639045420454101
39627729733157443,,inf,2.4168352535265476
39627729720577120,,inf,2.558877083395423
39627735760376106,,inf,2.3778286996095725
39628152489643837,,inf,2.6081272308387295
39627957009908684,,inf,2.5525676486050277
39628111288994138,,inf,2.528067885251772
39628123251147043,,inf,2.30592718787648
39628099788211755,,inf,2.788016294048385
39628111561623505,,inf,2.711615515556595
39628034726169256,,inf,2.636256212976024
39628181627472245,,inf,2.3924461286626943
39628181627470754,,inf,2.641696684123806
39628140917560306,,inf,2.6167925151679183
39627989503183876,,inf,2.3072608708529443
39627983530496172,,inf,2.487522270955409
39627965264299432,,inf,2.345478562086234
39627965251719319,,inf,2.751203791516677
39627959350333056,,inf,2.3094421511460785
39627881365636243,,inf,2.6206192648502147
39627887397050621,,inf,2.318697603702201
39628086718760948,,inf,2.377989277292779
39628080808989542,,inf,2.7907331268846938
39628092620149445,,inf,2.49032893994254
39628133996958431,,inf,2.433061603826732
39628133992761315,,inf,2.6324224995019447
39628128129126332,,inf,2.6440555771872605
39628063276795553,,inf,2.4650856532041696
39628057346051063,,inf,2.529956485794353
39628057341854460,,inf,2.539225868824812
39627677040116435,,inf,2.5897296847892712
39627658887173000,,inf,2.777223621676728
39627635118049823,,inf,2.705593273982044
39627702814118867,,inf,2.3536701027099425
39627661441504856,,inf,2.4859283709199347
39627631540309684,,inf,2.5052156737584053
39627643552795625,,inf,2.419871514054161
39627685923653854,,inf,2.7998182729406835
39627685919462392,,inf,2.5027106718126775
39627691959259438,,inf,2.4904788496036008
39627679909020693,,inf,2.512066005733068
39627697994862674,,inf,2.6923080483919044
39627685932044921,,inf,2.4068179097515214
39627691963453870,,inf,2.487970851217133
39627685923655126,,inf,2.549332469763733
39627691963452179,,inf,2.3590909599188468
39627679904828879,,inf,2.3888946320157354
39627679904825799,,inf,2.450796820484896
39627691967648857,,inf,2.3391603679278106
39627679888053508,,inf,2.483083570301781
39627679888054609,,inf,2.3353997238042585
39627679892245074,,inf,2.648668653513808
39627824809646061,,inf,2.7144465598148613
39628058625314337,,inf,2.521024447962043
39627727845721988,,inf,2.526848607957991
39627815053692305,,inf,2.731576546015326
39627640390290279,,inf,2.7030278079272714
39627767033105008,,inf,2.4490574905905977
39627670551532412,,inf,2.4288546126853894
39628117739835951,,inf,2.533194652803285
39628123607667443,,inf,2.405907818867826
39628058684031431,,inf,2.3403398667196016
39628058684035423,,inf,2.4754604806890246
39627606781333388,,inf,2.402853719132496
39627594794013636,,inf,2.6262257352914555
39627594794009339,,inf,2.3107884162506234
39627594798207119,,inf,2.340417462552679
39627618781236853,,inf,2.3315141082285527
39627618781234756,,inf,2.35945948907081
39628145975890839,,inf,2.49560518260318
39628059216711777,,inf,2.7517946784428124
39628059216712503,,inf,2.7484974744123436
39627998365746144,,inf,2.5294929003164484
39628105035287964,,inf,2.436601847551226
39628128531779646,,inf,2.6674407637613786
39628087205298517,,inf,2.3148283447251234
39627839053498982,,inf,2.348601899410184
39627736469214098,,inf,2.5120196841393794
39627863334328158,,inf,2.3925403555312035
39627869369931759,,inf,2.48474553815975
39628021405057457,,inf,2.31607558763612
39627773379087513,,inf,2.714695126241858
39627688880637125,,inf,2.3458651108885182
39627729699605573,,inf,2.5722968614539896
39628028598288837,,inf,2.3865767146932773
39628022751433533,,inf,2.391024081393791
39627703439068277,,inf,2.6465858263404107
39628001276593096,,inf,2.4214522940007694
39627835257654036,,inf,2.551625951920562
39627979847894555,,inf,2.331605518973377
39627973858427237,,inf,2.4196238645513337
39627985833167713,,inf,2.7976430667539263
39627901712205801,,inf,2.5534938949727044
39627810070857905,,inf,2.5426077806480176
39627612410087487,,inf,2.690311055875658
39627890031067613,,inf,2.5692360413972004
